SeasonEndYear,Conference,Division,Team,Tm_ID,Playoffs,W,L,W/L%,GB,PS/G,PA/G,SRS
2000,East,Atlantic Division,Miami Heat,MIA,*,52,30,0.634,0.0,94.4,91.3,2.75
2000,East,Atlantic Division,New York Knicks,NYK,*,50,32,0.61,2.0,92.1,90.7,1.3
2000,East,Atlantic Division,Philadelphia 76ers,PHI,*,49,33,0.598,3.0,94.8,93.4,1.02
2000,East,Atlantic Division,Orlando Magic,ORL,,41,41,0.5,11.0,100.1,99.4,0.43
2000,East,Atlantic Division,Boston Celtics,BOS,,35,47,0.427,17.0,99.3,100.1,-1.0
2000,East,Atlantic Division,New Jersey Nets,NJN,,31,51,0.378,21.0,98.0,99.0,-1.18
2000,East,Atlantic Division,Washington Wizards,WAS,,29,53,0.354,23.0,96.6,99.9,-3.47
2000,East,Central Division,Indiana Pacers,IND,*,56,26,0.683,0.0,101.3,96.7,4.15
2000,East,Central Division,Charlotte Hornets,CHH,*,49,33,0.598,7.0,98.4,95.8,2.33
2000,East,Central Division,Toronto Raptors,TOR,*,45,37,0.549,11.0,97.2,97.3,-0.46
2000,East,Central Division,Detroit Pistons,DET,*,42,40,0.512,14.0,103.5,102.0,1.13
2000,East,Central Division,Milwaukee Bucks,MIL,*,42,40,0.512,14.0,101.2,101.0,-0.06
2000,East,Central Division,Cleveland Cavaliers,CLE,,32,50,0.39,24.0,97.0,100.5,-3.64
2000,East,Central Division,Atlanta Hawks,ATL,,28,54,0.341,28.0,94.3,99.7,-5.41
2000,East,Central Division,Chicago Bulls,CHI,,17,65,0.207,39.0,84.8,94.2,-9.23
2000,West,Midwest Division,Utah Jazz,UTA,*,55,27,0.671,0.0,96.5,92.0,4.52
2000,West,Midwest Division,San Antonio Spurs,SAS,*,53,29,0.646,2.0,96.2,90.2,5.92
2000,West,Midwest Division,Minnesota Timberwolves,MIN,*,50,32,0.61,5.0,98.5,96.0,2.67
2000,West,Midwest Division,Dallas Mavericks,DAL,,40,42,0.488,15.0,101.4,102.0,-0.29
2000,West,Midwest Division,Denver Nuggets,DEN,,35,47,0.427,20.0,99.0,101.1,-1.76
2000,West,Midwest Division,Houston Rockets,HOU,,34,48,0.415,21.0,99.5,100.3,-0.57
2000,West,Midwest Division,Vancouver Grizzlies,VAN,,22,60,0.268,33.0,93.9,99.5,-5.1
2000,West,Pacific Division,Los Angeles Lakers,LAL,*,67,15,0.817,0.0,100.8,92.3,8.41
2000,West,Pacific Division,Portland Trail Blazers,POR,*,59,23,0.72,8.0,97.5,91.0,6.36
2000,West,Pacific Division,Phoenix Suns,PHO,*,53,29,0.646,14.0,98.9,93.7,5.24
2000,West,Pacific Division,Seattle SuperSonics,SEA,*,45,37,0.549,22.0,99.1,98.1,1.17
2000,West,Pacific Division,Sacramento Kings,SAC,*,44,38,0.537,23.0,105.0,102.0,3.04
2000,West,Pacific Division,Golden State Warriors,GSW,,19,63,0.232,48.0,95.5,103.8,-7.63
2000,West,Pacific Division,Los Angeles Clippers,LAC,,15,67,0.183,52.0,92.0,103.5,-10.73
2001,East,Atlantic Division,Philadelphia 76ers,PHI,*,56,26,0.683,0.0,94.7,90.4,3.64
2001,East,Atlantic Division,Miami Heat,MIA,*,50,32,0.61,6.0,88.9,86.6,1.73
2001,East,Atlantic Division,New York Knicks,NYK,*,48,34,0.585,8.0,88.7,86.1,1.98
2001,East,Atlantic Division,Orlando Magic,ORL,*,43,39,0.524,13.0,97.5,96.5,0.39
2001,East,Atlantic Division,Boston Celtics,BOS,,36,46,0.439,20.0,94.6,96.8,-2.4
2001,East,Atlantic Division,New Jersey Nets,NJN,,26,56,0.317,30.0,92.1,97.1,-5.3
2001,East,Atlantic Division,Washington Wizards,WAS,,19,63,0.232,37.0,93.2,99.9,-6.75
2001,East,Central Division,Milwaukee Bucks,MIL,*,52,30,0.634,0.0,100.7,96.9,3.14
2001,East,Central Division,Toronto Raptors,TOR,*,47,35,0.573,5.0,97.6,95.4,1.69
2001,East,Central Division,Charlotte Hornets,CHH,*,46,36,0.561,6.0,91.9,89.8,1.45
2001,East,Central Division,Indiana Pacers,IND,*,41,41,0.5,11.0,92.6,92.8,-0.77
2001,East,Central Division,Detroit Pistons,DET,,32,50,0.39,20.0,95.6,97.3,-2.08
2001,East,Central Division,Cleveland Cavaliers,CLE,,30,52,0.366,22.0,92.2,96.5,-4.48
2001,East,Central Division,Atlanta Hawks,ATL,,25,57,0.305,27.0,91.0,96.2,-5.55
2001,East,Central Division,Chicago Bulls,CHI,,15,67,0.183,37.0,87.6,96.7,-9.09
2001,West,Midwest Division,San Antonio Spurs,SAS,*,58,24,0.707,0.0,96.2,88.4,7.92
2001,West,Midwest Division,Utah Jazz,UTA,*,53,29,0.646,5.0,97.1,92.4,5.0
2001,West,Midwest Division,Dallas Mavericks,DAL,*,53,29,0.646,5.0,100.5,96.2,4.61
2001,West,Midwest Division,Minnesota Timberwolves,MIN,*,47,35,0.573,11.0,97.3,96.0,1.81
2001,West,Midwest Division,Houston Rockets,HOU,,45,37,0.549,13.0,97.2,94.9,2.71
2001,West,Midwest Division,Denver Nuggets,DEN,,40,42,0.488,18.0,96.6,99.0,-1.83
2001,West,Midwest Division,Vancouver Grizzlies,VAN,,23,59,0.28,35.0,91.7,97.5,-4.94
2001,West,Pacific Division,Los Angeles Lakers,LAL,*,56,26,0.683,0.0,100.6,97.2,3.74
2001,West,Pacific Division,Sacramento Kings,SAC,*,55,27,0.671,1.0,101.7,95.9,6.07
2001,West,Pacific Division,Phoenix Suns,PHO,*,51,31,0.622,5.0,94.0,91.8,2.63
2001,West,Pacific Division,Portland Trail Blazers,POR,*,50,32,0.61,6.0,95.4,91.2,4.52
2001,West,Pacific Division,Seattle SuperSonics,SEA,,44,38,0.537,12.0,97.3,97.3,0.55
2001,West,Pacific Division,Los Angeles Clippers,LAC,,31,51,0.378,25.0,92.5,95.3,-2.23
2001,West,Pacific Division,Golden State Warriors,GSW,,17,65,0.207,39.0,92.5,101.5,-8.11
2002,East,Atlantic Division,New Jersey Nets,NJN,*,52,30,0.634,0.0,96.2,92.0,3.67
2002,East,Atlantic Division,Boston Celtics,BOS,*,49,33,0.598,3.0,96.4,94.1,1.75
2002,East,Atlantic Division,Orlando Magic,ORL,*,44,38,0.537,8.0,100.5,98.9,1.25
2002,East,Atlantic Division,Philadelphia 76ers,PHI,*,43,39,0.524,9.0,91.0,89.4,1.27
2002,East,Atlantic Division,Washington Wizards,WAS,,37,45,0.451,15.0,92.8,94.2,-1.58
2002,East,Atlantic Division,Miami Heat,MIA,,36,46,0.439,16.0,87.2,88.7,-1.84
2002,East,Atlantic Division,New York Knicks,NYK,,30,52,0.366,22.0,91.6,95.6,-4.15
2002,East,Central Division,Detroit Pistons,DET,*,50,32,0.61,0.0,94.3,92.2,1.69
2002,East,Central Division,Charlotte Hornets,CHH,*,44,38,0.537,6.0,93.9,92.9,0.57
2002,East,Central Division,Toronto Raptors,TOR,*,42,40,0.512,8.0,91.4,91.8,-0.71
2002,East,Central Division,Indiana Pacers,IND,*,42,40,0.512,8.0,96.8,96.5,-0.07
2002,East,Central Division,Milwaukee Bucks,MIL,,41,41,0.5,9.0,97.5,97.7,-0.62
2002,East,Central Division,Atlanta Hawks,ATL,,33,49,0.402,17.0,94.0,98.3,-4.41
2002,East,Central Division,Cleveland Cavaliers,CLE,,29,53,0.354,21.0,95.3,98.6,-3.52
2002,East,Central Division,Chicago Bulls,CHI,,21,61,0.256,29.0,89.5,98.0,-8.52
2002,West,Midwest Division,San Antonio Spurs,SAS,*,58,24,0.707,0.0,96.7,90.5,6.28
2002,West,Midwest Division,Dallas Mavericks,DAL,*,57,25,0.695,1.0,105.2,101.0,4.41
2002,West,Midwest Division,Minnesota Timberwolves,MIN,*,50,32,0.61,8.0,99.3,96.0,3.58
2002,West,Midwest Division,Utah Jazz,UTA,*,44,38,0.537,14.0,96.0,95.1,1.21
2002,West,Midwest Division,Houston Rockets,HOU,,28,54,0.341,30.0,92.3,97.2,-4.31
2002,West,Midwest Division,Denver Nuggets,DEN,,27,55,0.329,31.0,92.2,98.0,-5.19
2002,West,Midwest Division,Memphis Grizzlies,MEM,,23,59,0.28,35.0,89.9,97.3,-6.74
2002,West,Pacific Division,Sacramento Kings,SAC,*,61,21,0.744,0.0,104.6,97.0,7.61
2002,West,Pacific Division,Los Angeles Lakers,LAL,*,58,24,0.707,3.0,101.3,94.1,7.15
2002,West,Pacific Division,Portland Trail Blazers,POR,*,49,33,0.598,12.0,96.6,93.7,3.21
2002,West,Pacific Division,Seattle SuperSonics,SEA,*,45,37,0.549,16.0,97.7,94.7,3.24
2002,West,Pacific Division,Los Angeles Clippers,LAC,,39,43,0.476,22.0,95.7,96.1,-0.09
2002,West,Pacific Division,Phoenix Suns,PHO,,36,46,0.439,25.0,95.1,95.8,-0.3
2002,West,Pacific Division,Golden State Warriors,GSW,,21,61,0.256,40.0,97.7,103.1,-4.8
2003,East,Atlantic Division,New Jersey Nets,NJN,*,49,33,0.598,0.0,95.4,90.1,4.42
2003,East,Atlantic Division,Philadelphia 76ers,PHI,*,48,34,0.585,1.0,96.8,94.5,1.76
2003,East,Atlantic Division,Boston Celtics,BOS,*,44,38,0.537,5.0,92.7,93.1,-0.75
2003,East,Atlantic Division,Orlando Magic,ORL,*,42,40,0.512,7.0,98.5,98.4,-0.39
2003,East,Atlantic Division,Washington Wizards,WAS,,37,45,0.451,12.0,91.5,92.5,-1.47
2003,East,Atlantic Division,New York Knicks,NYK,,37,45,0.451,12.0,95.9,97.2,-1.61
2003,East,Atlantic Division,Miami Heat,MIA,,25,57,0.305,24.0,85.6,90.6,-5.13
2003,East,Central Division,Detroit Pistons,DET,*,50,32,0.61,0.0,91.4,87.7,2.97
2003,East,Central Division,Indiana Pacers,IND,*,48,34,0.585,2.0,96.8,93.3,2.79
2003,East,Central Division,New Orleans Hornets,NOH,*,47,35,0.573,3.0,93.9,91.8,1.52
2003,East,Central Division,Milwaukee Bucks,MIL,*,42,40,0.512,8.0,99.5,99.3,-0.24
2003,East,Central Division,Atlanta Hawks,ATL,,35,47,0.427,15.0,94.1,97.6,-3.87
2003,East,Central Division,Chicago Bulls,CHI,,30,52,0.366,20.0,95.0,100.1,-5.31
2003,East,Central Division,Toronto Raptors,TOR,,24,58,0.293,26.0,90.9,96.8,-6.1
2003,East,Central Division,Cleveland Cavaliers,CLE,,17,65,0.207,33.0,91.4,101.0,-9.59
2003,West,Midwest Division,San Antonio Spurs,SAS,*,60,22,0.732,0.0,95.8,90.4,5.65
2003,West,Midwest Division,Dallas Mavericks,DAL,*,60,22,0.732,0.0,103.0,95.2,7.9
2003,West,Midwest Division,Minnesota Timberwolves,MIN,*,51,31,0.622,9.0,98.1,96.0,2.46
2003,West,Midwest Division,Utah Jazz,UTA,*,47,35,0.573,13.0,94.7,92.3,2.76
2003,West,Midwest Division,Houston Rockets,HOU,,43,39,0.524,17.0,93.8,92.3,1.89
2003,West,Midwest Division,Memphis Grizzlies,MEM,,28,54,0.341,32.0,97.5,100.7,-2.6
2003,West,Midwest Division,Denver Nuggets,DEN,,17,65,0.207,43.0,84.2,92.4,-7.41
2003,West,Pacific Division,Sacramento Kings,SAC,*,59,23,0.72,0.0,101.7,95.2,6.68
2003,West,Pacific Division,Los Angeles Lakers,LAL,*,50,32,0.61,9.0,100.4,98.0,2.71
2003,West,Pacific Division,Portland Trail Blazers,POR,*,50,32,0.61,9.0,95.2,92.5,2.97
2003,West,Pacific Division,Phoenix Suns,PHO,*,44,38,0.537,15.0,95.5,94.4,1.57
2003,West,Pacific Division,Seattle SuperSonics,SEA,,40,42,0.488,19.0,92.1,92.3,0.37
2003,West,Pacific Division,Golden State Warriors,GSW,,38,44,0.463,21.0,102.4,103.6,-0.6
2003,West,Pacific Division,Los Angeles Clippers,LAC,,27,55,0.329,32.0,93.8,97.9,-3.45
2004,East,Atlantic Division,New Jersey Nets,NJN,*,47,35,0.573,0.0,90.3,87.8,1.88
2004,East,Atlantic Division,Miami Heat,MIA,*,42,40,0.512,5.0,90.3,89.7,-0.13
2004,East,Atlantic Division,New York Knicks,NYK,*,39,43,0.476,8.0,92.0,93.5,-1.97
2004,East,Atlantic Division,Boston Celtics,BOS,*,36,46,0.439,11.0,95.3,96.7,-1.99
2004,East,Atlantic Division,Philadelphia 76ers,PHI,,33,49,0.402,14.0,88.0,90.5,-2.95
2004,East,Atlantic Division,Washington Wizards,WAS,,25,57,0.305,22.0,91.8,97.4,-6.12
2004,East,Atlantic Division,Orlando Magic,ORL,,21,61,0.256,26.0,94.0,101.1,-7.25
2004,East,Central Division,Indiana Pacers,IND,*,61,21,0.744,0.0,91.4,85.6,4.93
2004,East,Central Division,Detroit Pistons,DET,*,54,28,0.659,7.0,90.1,84.3,5.04
2004,East,Central Division,New Orleans Hornets,NOH,*,41,41,0.5,20.0,91.8,91.9,-0.72
2004,East,Central Division,Milwaukee Bucks,MIL,*,41,41,0.5,20.0,98.0,97.0,0.42
2004,East,Central Division,Cleveland Cavaliers,CLE,,35,47,0.427,26.0,92.9,95.5,-3.07
2004,East,Central Division,Toronto Raptors,TOR,,33,49,0.402,28.0,85.4,88.5,-3.42
2004,East,Central Division,Atlanta Hawks,ATL,,28,54,0.341,33.0,92.8,97.5,-5.0
2004,East,Central Division,Chicago Bulls,CHI,,23,59,0.28,38.0,89.7,96.0,-6.69
2004,West,Midwest Division,Minnesota Timberwolves,MIN,*,58,24,0.707,0.0,94.5,89.1,5.86
2004,West,Midwest Division,San Antonio Spurs,SAS,*,57,25,0.695,1.0,91.5,84.3,7.51
2004,West,Midwest Division,Dallas Mavericks,DAL,*,52,30,0.634,6.0,105.2,100.8,4.86
2004,West,Midwest Division,Memphis Grizzlies,MEM,*,50,32,0.61,8.0,96.7,94.3,2.95
2004,West,Midwest Division,Houston Rockets,HOU,*,45,37,0.549,13.0,89.8,88.0,2.28
2004,West,Midwest Division,Denver Nuggets,DEN,*,43,39,0.524,15.0,97.2,96.1,1.65
2004,West,Midwest Division,Utah Jazz,UTA,,42,40,0.512,16.0,88.7,89.9,-0.53
2004,West,Pacific Division,Los Angeles Lakers,LAL,*,56,26,0.683,0.0,98.2,94.3,4.35
2004,West,Pacific Division,Sacramento Kings,SAC,*,55,27,0.671,1.0,102.8,97.8,5.41
2004,West,Pacific Division,Portland Trail Blazers,POR,,41,41,0.5,15.0,90.7,92.0,-0.58
2004,West,Pacific Division,Golden State Warriors,GSW,,37,45,0.451,19.0,93.3,94.0,-0.07
2004,West,Pacific Division,Seattle SuperSonics,SEA,,37,45,0.451,19.0,97.1,97.8,0.02
2004,West,Pacific Division,Phoenix Suns,PHO,,29,53,0.354,27.0,94.2,97.9,-2.94
2004,West,Pacific Division,Los Angeles Clippers,LAC,,28,54,0.341,28.0,94.8,99.4,-3.74
2005,East,Atlantic Division,Boston Celtics,BOS,*,45,37,0.549,0.0,101.3,100.4,0.35
2005,East,Atlantic Division,Philadelphia 76ers,PHI,*,43,39,0.524,2.0,99.1,99.9,-1.07
2005,East,Atlantic Division,New Jersey Nets,NJN,*,42,40,0.512,3.0,91.4,92.9,-1.82
2005,East,Atlantic Division,Toronto Raptors,TOR,,33,49,0.402,12.0,99.7,101.4,-1.81
2005,East,Atlantic Division,New York Knicks,NYK,,33,49,0.402,12.0,97.3,99.7,-2.72
2005,East,Central Division,Detroit Pistons,DET,*,54,28,0.659,0.0,93.3,89.5,3.31
2005,East,Central Division,Chicago Bulls,CHI,*,47,35,0.573,7.0,94.5,93.4,0.65
2005,East,Central Division,Indiana Pacers,IND,*,44,38,0.537,10.0,93.0,92.2,0.49
2005,East,Central Division,Cleveland Cavaliers,CLE,,42,40,0.512,12.0,96.5,95.7,0.27
2005,East,Central Division,Milwaukee Bucks,MIL,,30,52,0.366,24.0,97.2,100.2,-3.09
2005,East,Southeast Division,Miami Heat,MIA,*,59,23,0.72,0.0,101.5,95.0,5.77
2005,East,Southeast Division,Washington Wizards,WAS,*,45,37,0.549,14.0,100.5,100.8,-0.71
2005,East,Southeast Division,Orlando Magic,ORL,,36,46,0.439,23.0,99.5,101.8,-2.52
2005,East,Southeast Division,Charlotte Bobcats,CHA,,18,64,0.22,41.0,94.3,100.2,-6.15
2005,East,Southeast Division,Atlanta Hawks,ATL,,13,69,0.159,46.0,92.7,102.5,-9.62
2005,West,Northwest Division,Seattle SuperSonics,SEA,*,52,30,0.634,0.0,98.9,96.6,2.59
2005,West,Northwest Division,Denver Nuggets,DEN,*,49,33,0.598,3.0,99.5,97.5,2.23
2005,West,Northwest Division,Minnesota Timberwolves,MIN,,44,38,0.537,8.0,96.8,95.3,1.73
2005,West,Northwest Division,Portland Trail Blazers,POR,,27,55,0.329,25.0,92.9,96.9,-3.45
2005,West,Northwest Division,Utah Jazz,UTA,,26,56,0.317,26.0,93.0,97.3,-3.74
2005,West,Pacific Division,Phoenix Suns,PHO,*,62,20,0.756,0.0,110.4,103.3,7.08
2005,West,Pacific Division,Sacramento Kings,SAC,*,50,32,0.61,12.0,103.7,101.6,2.56
2005,West,Pacific Division,Los Angeles Clippers,LAC,,37,45,0.451,25.0,95.7,96.5,-0.47
2005,West,Pacific Division,Los Angeles Lakers,LAL,,34,48,0.415,28.0,98.7,101.7,-2.32
2005,West,Pacific Division,Golden State Warriors,GSW,,34,48,0.415,28.0,98.7,100.9,-1.74
2005,West,Southwest Division,San Antonio Spurs,SAS,*,59,23,0.72,0.0,96.2,88.4,7.84
2005,West,Southwest Division,Dallas Mavericks,DAL,*,58,24,0.707,1.0,102.5,96.8,5.86
2005,West,Southwest Division,Houston Rockets,HOU,*,51,31,0.622,8.0,95.1,91.0,4.27
2005,West,Southwest Division,Memphis Grizzlies,MEM,*,45,37,0.549,14.0,93.4,91.1,2.64
2005,West,Southwest Division,New Orleans Hornets,NOH,,18,64,0.22,41.0,88.4,95.5,-6.3
2006,East,Atlantic Division,New Jersey Nets,NJN,*,49,33,0.598,0.0,93.8,92.4,1.11
2006,East,Atlantic Division,Philadelphia 76ers,PHI,,38,44,0.463,11.0,99.4,101.3,-2.1
2006,East,Atlantic Division,Boston Celtics,BOS,,33,49,0.402,16.0,98.0,99.5,-1.59
2006,East,Atlantic Division,Toronto Raptors,TOR,,27,55,0.329,22.0,101.1,104.0,-3.03
2006,East,Atlantic Division,New York Knicks,NYK,,23,59,0.28,26.0,95.6,102.0,-6.3
2006,East,Central Division,Detroit Pistons,DET,*,64,18,0.78,0.0,96.8,90.2,6.24
2006,East,Central Division,Cleveland Cavaliers,CLE,*,50,32,0.61,14.0,97.6,95.4,2.17
2006,East,Central Division,Indiana Pacers,IND,*,41,41,0.5,23.0,93.9,92.0,1.62
2006,East,Central Division,Chicago Bulls,CHI,*,41,41,0.5,23.0,97.8,97.2,0.51
2006,East,Central Division,Milwaukee Bucks,MIL,*,40,42,0.488,24.0,97.8,98.8,-1.07
2006,East,Southeast Division,Miami Heat,MIA,*,52,30,0.634,0.0,99.9,96.0,3.59
2006,East,Southeast Division,Washington Wizards,WAS,*,42,40,0.512,10.0,101.7,99.8,1.57
2006,East,Southeast Division,Orlando Magic,ORL,,36,46,0.439,16.0,94.9,96.0,-1.26
2006,East,Southeast Division,Charlotte Bobcats,CHA,,26,56,0.317,26.0,96.9,100.9,-3.9
2006,East,Southeast Division,Atlanta Hawks,ATL,,26,56,0.317,26.0,97.2,102.0,-4.69
2006,West,Northwest Division,Denver Nuggets,DEN,*,44,38,0.537,0.0,100.3,100.1,0.36
2006,West,Northwest Division,Utah Jazz,UTA,,41,41,0.5,3.0,92.4,95.0,-2.49
2006,West,Northwest Division,Seattle SuperSonics,SEA,,35,47,0.427,9.0,102.6,105.6,-2.88
2006,West,Northwest Division,Minnesota Timberwolves,MIN,,33,49,0.402,11.0,91.7,93.6,-1.75
2006,West,Northwest Division,Portland Trail Blazers,POR,,21,61,0.256,23.0,88.8,98.3,-8.91
2006,West,Pacific Division,Phoenix Suns,PHO,*,54,28,0.659,0.0,108.4,102.8,5.48
2006,West,Pacific Division,Los Angeles Clippers,LAC,*,47,35,0.573,7.0,97.2,95.6,1.75
2006,West,Pacific Division,Los Angeles Lakers,LAL,*,45,37,0.549,9.0,99.4,96.9,2.53
2006,West,Pacific Division,Sacramento Kings,SAC,*,44,38,0.537,10.0,98.9,97.3,1.61
2006,West,Pacific Division,Golden State Warriors,GSW,,34,48,0.415,20.0,98.5,99.8,-1.11
2006,West,Southwest Division,San Antonio Spurs,SAS,*,63,19,0.768,0.0,95.6,88.8,6.69
2006,West,Southwest Division,Dallas Mavericks,DAL,*,60,22,0.732,3.0,99.1,93.1,5.96
2006,West,Southwest Division,Memphis Grizzlies,MEM,*,49,33,0.598,14.0,92.2,88.5,3.74
2006,West,Southwest Division,New Orleans/Oklahoma City Hornets,NOK,,38,44,0.463,25.0,92.8,95.6,-2.51
2006,West,Southwest Division,Houston Rockets,HOU,,34,48,0.415,29.0,90.1,91.7,-1.3
2007,East,Atlantic Division,Toronto Raptors,TOR,*,47,35,0.573,0.0,99.5,98.5,0.61
2007,East,Atlantic Division,New Jersey Nets,NJN,*,41,41,0.5,6.0,97.6,98.3,-1.0
2007,East,Atlantic Division,Philadelphia 76ers,PHI,,35,47,0.427,12.0,94.9,98.0,-3.26
2007,East,Atlantic Division,New York Knicks,NYK,,33,49,0.402,14.0,97.5,100.3,-3.06
2007,East,Atlantic Division,Boston Celtics,BOS,,24,58,0.293,23.0,95.8,99.2,-3.7
2007,East,Central Division,Detroit Pistons,DET,*,53,29,0.646,0.0,96.0,91.8,3.69
2007,East,Central Division,Cleveland Cavaliers,CLE,*,50,32,0.61,3.0,96.8,92.9,3.33
2007,East,Central Division,Chicago Bulls,CHI,*,49,33,0.598,4.0,98.8,93.8,4.52
2007,East,Central Division,Indiana Pacers,IND,,35,47,0.427,18.0,95.6,98.0,-2.62
2007,East,Central Division,Milwaukee Bucks,MIL,,28,54,0.341,25.0,99.7,104.0,-4.43
2007,East,Southeast Division,Miami Heat,MIA,*,44,38,0.537,0.0,94.6,95.5,-1.21
2007,East,Southeast Division,Washington Wizards,WAS,*,41,41,0.5,3.0,104.3,104.9,-0.8
2007,East,Southeast Division,Orlando Magic,ORL,*,40,42,0.488,4.0,94.8,94.0,0.35
2007,East,Southeast Division,Charlotte Bobcats,CHA,,33,49,0.402,11.0,96.9,100.6,-3.97
2007,East,Southeast Division,Atlanta Hawks,ATL,,30,52,0.366,14.0,93.7,98.4,-4.86
2007,West,Northwest Division,Utah Jazz,UTA,*,51,31,0.622,0.0,101.5,98.6,3.06
2007,West,Northwest Division,Denver Nuggets,DEN,*,45,37,0.549,6.0,105.4,103.7,1.69
2007,West,Northwest Division,Portland Trail Blazers,POR,,32,50,0.39,19.0,94.1,98.4,-3.78
2007,West,Northwest Division,Minnesota Timberwolves,MIN,,32,50,0.39,19.0,96.1,99.7,-3.16
2007,West,Northwest Division,Seattle SuperSonics,SEA,,31,51,0.378,20.0,99.1,102.0,-2.45
2007,West,Pacific Division,Phoenix Suns,PHO,*,61,21,0.744,0.0,110.2,102.9,7.28
2007,West,Pacific Division,Los Angeles Lakers,LAL,*,42,40,0.512,19.0,103.3,103.4,0.24
2007,West,Pacific Division,Golden State Warriors,GSW,*,42,40,0.512,19.0,106.5,106.9,0.0
2007,West,Pacific Division,Los Angeles Clippers,LAC,,40,42,0.488,21.0,95.6,96.1,-0.07
2007,West,Pacific Division,Sacramento Kings,SAC,,33,49,0.402,28.0,101.3,103.1,-1.35
2007,West,Southwest Division,Dallas Mavericks,DAL,*,67,15,0.817,0.0,100.0,92.8,7.28
2007,West,Southwest Division,San Antonio Spurs,SAS,*,58,24,0.707,9.0,98.5,90.1,8.35
2007,West,Southwest Division,Houston Rockets,HOU,*,52,30,0.634,15.0,97.0,92.1,5.04
2007,West,Southwest Division,New Orleans/Oklahoma City Hornets,NOK,,39,43,0.476,28.0,95.5,97.1,-1.19
2007,West,Southwest Division,Memphis Grizzlies,MEM,,22,60,0.268,45.0,101.6,106.7,-4.44
2008,East,Atlantic Division,Boston Celtics,BOS,*,66,16,0.805,0.0,100.5,90.3,9.3
2008,East,Atlantic Division,Toronto Raptors,TOR,*,41,41,0.5,25.0,100.2,97.3,2.47
2008,East,Atlantic Division,Philadelphia 76ers,PHI,*,40,42,0.488,26.0,96.6,96.2,0.19
2008,East,Atlantic Division,New Jersey Nets,NJN,,34,48,0.415,32.0,95.8,100.9,-5.15
2008,East,Atlantic Division,New York Knicks,NYK,,23,59,0.28,43.0,96.9,103.5,-6.55
2008,East,Central Division,Detroit Pistons,DET,*,59,23,0.72,0.0,97.5,90.1,6.67
2008,East,Central Division,Cleveland Cavaliers,CLE,*,45,37,0.549,14.0,96.4,96.7,-0.53
2008,East,Central Division,Indiana Pacers,IND,,36,46,0.439,23.0,104.0,105.4,-1.87
2008,East,Central Division,Chicago Bulls,CHI,,33,49,0.402,26.0,97.3,100.4,-3.19
2008,East,Central Division,Milwaukee Bucks,MIL,,26,56,0.317,33.0,97.0,103.9,-6.92
2008,East,Southeast Division,Orlando Magic,ORL,*,52,30,0.634,0.0,104.5,99.0,4.79
2008,East,Southeast Division,Washington Wizards,WAS,*,43,39,0.524,9.0,98.8,99.2,-0.61
2008,East,Southeast Division,Atlanta Hawks,ATL,*,37,45,0.451,15.0,98.2,100.0,-2.23
2008,East,Southeast Division,Charlotte Bobcats,CHA,,32,50,0.39,20.0,97.1,101.4,-4.49
2008,East,Southeast Division,Miami Heat,MIA,,15,67,0.183,37.0,91.4,100.0,-8.53
2008,West,Northwest Division,Utah Jazz,UTA,*,54,28,0.659,0.0,106.2,99.3,6.86
2008,West,Northwest Division,Denver Nuggets,DEN,*,50,32,0.61,4.0,110.7,107.0,3.74
2008,West,Northwest Division,Portland Trail Blazers,POR,,41,41,0.5,13.0,95.4,96.3,-0.52
2008,West,Northwest Division,Minnesota Timberwolves,MIN,,22,60,0.268,32.0,95.6,102.4,-6.26
2008,West,Northwest Division,Seattle SuperSonics,SEA,,20,62,0.244,34.0,97.5,106.3,-8.04
2008,West,Pacific Division,Los Angeles Lakers,LAL,*,57,25,0.695,0.0,108.6,101.3,7.34
2008,West,Pacific Division,Phoenix Suns,PHO,*,55,27,0.671,2.0,110.1,105.0,5.14
2008,West,Pacific Division,Golden State Warriors,GSW,,48,34,0.585,9.0,111.0,108.8,2.38
2008,West,Pacific Division,Sacramento Kings,SAC,,38,44,0.463,19.0,102.5,104.8,-1.86
2008,West,Pacific Division,Los Angeles Clippers,LAC,,23,59,0.28,34.0,93.8,101.1,-6.56
2008,West,Southwest Division,New Orleans Hornets,NOH,*,56,26,0.683,0.0,100.9,95.6,5.46
2008,West,Southwest Division,San Antonio Spurs,SAS,*,56,26,0.683,0.0,95.4,90.6,5.1
2008,West,Southwest Division,Houston Rockets,HOU,*,55,27,0.671,1.0,96.7,92.0,4.83
2008,West,Southwest Division,Dallas Mavericks,DAL,*,51,31,0.622,5.0,100.4,95.9,4.7
2008,West,Southwest Division,Memphis Grizzlies,MEM,,22,60,0.268,34.0,100.7,106.9,-5.76
2009,East,Atlantic Division,Boston Celtics,BOS,*,62,20,0.756,0.0,100.9,93.4,7.44
2009,East,Atlantic Division,Philadelphia 76ers,PHI,*,41,41,0.5,21.0,97.4,97.3,0.16
2009,East,Atlantic Division,New Jersey Nets,NJN,,34,48,0.415,28.0,98.1,100.5,-2.31
2009,East,Atlantic Division,Toronto Raptors,TOR,,33,49,0.402,29.0,99.0,101.9,-2.54
2009,East,Atlantic Division,New York Knicks,NYK,,32,50,0.39,30.0,105.2,107.8,-2.33
2009,East,Central Division,Cleveland Cavaliers,CLE,*,66,16,0.805,0.0,100.3,91.4,8.68
2009,East,Central Division,Chicago Bulls,CHI,*,41,41,0.5,25.0,102.2,102.5,-0.16
2009,East,Central Division,Detroit Pistons,DET,*,39,43,0.476,27.0,94.2,94.7,-0.36
2009,East,Central Division,Indiana Pacers,IND,,36,46,0.439,30.0,105.1,106.2,-0.76
2009,East,Central Division,Milwaukee Bucks,MIL,,34,48,0.415,32.0,99.3,100.4,-0.88
2009,East,Southeast Division,Orlando Magic,ORL,*,59,23,0.72,0.0,101.0,94.4,6.48
2009,East,Southeast Division,Atlanta Hawks,ATL,*,47,35,0.573,12.0,98.1,96.5,1.7
2009,East,Southeast Division,Miami Heat,MIA,*,43,39,0.524,16.0,98.3,98.0,0.49
2009,East,Southeast Division,Charlotte Bobcats,CHA,,35,47,0.427,24.0,93.6,94.9,-1.2
2009,East,Southeast Division,Washington Wizards,WAS,,19,63,0.232,40.0,96.1,103.5,-6.98
2009,West,Northwest Division,Denver Nuggets,DEN,*,54,28,0.659,0.0,104.3,100.9,3.13
2009,West,Northwest Division,Portland Trail Blazers,POR,*,54,28,0.659,0.0,99.4,94.1,5.0
2009,West,Northwest Division,Utah Jazz,UTA,*,48,34,0.585,6.0,103.6,100.9,2.31
2009,West,Northwest Division,Minnesota Timberwolves,MIN,,24,58,0.293,30.0,97.8,102.7,-4.74
2009,West,Northwest Division,Oklahoma City Thunder,OKC,,23,59,0.28,31.0,97.0,103.1,-6.04
2009,West,Pacific Division,Los Angeles Lakers,LAL,*,65,17,0.793,0.0,106.9,99.3,7.11
2009,West,Pacific Division,Phoenix Suns,PHO,,46,36,0.561,19.0,109.4,107.5,1.62
2009,West,Pacific Division,Golden State Warriors,GSW,,29,53,0.354,36.0,108.6,112.3,-3.8
2009,West,Pacific Division,Los Angeles Clippers,LAC,,19,63,0.232,46.0,95.1,103.9,-8.47
2009,West,Pacific Division,Sacramento Kings,SAC,,17,65,0.207,48.0,100.6,109.3,-8.6
2009,West,Southwest Division,San Antonio Spurs,SAS,*,54,28,0.659,0.0,97.0,93.3,3.36
2009,West,Southwest Division,Houston Rockets,HOU,*,53,29,0.646,1.0,98.4,94.4,3.73
2009,West,Southwest Division,Dallas Mavericks,DAL,*,50,32,0.61,4.0,101.7,99.8,1.68
2009,West,Southwest Division,New Orleans Hornets,NOH,*,49,33,0.598,5.0,95.8,94.3,1.41
2009,West,Southwest Division,Memphis Grizzlies,MEM,,24,58,0.293,30.0,93.9,99.3,-5.23
2010,East,Atlantic Division,Boston Celtics,BOS,*,50,32,0.61,0.0,99.2,95.6,3.37
2010,East,Atlantic Division,Toronto Raptors,TOR,,40,42,0.488,10.0,104.1,105.9,-1.83
2010,East,Atlantic Division,New York Knicks,NYK,,29,53,0.354,21.0,102.1,105.9,-4.01
2010,East,Atlantic Division,Philadelphia 76ers,PHI,,27,55,0.329,23.0,97.7,101.6,-3.93
2010,East,Atlantic Division,New Jersey Nets,NJN,,12,70,0.146,38.0,92.4,101.5,-8.93
2010,East,Central Division,Cleveland Cavaliers,CLE,*,61,21,0.744,0.0,102.1,95.6,6.17
2010,East,Central Division,Milwaukee Bucks,MIL,*,46,36,0.561,15.0,97.7,96.0,1.37
2010,East,Central Division,Chicago Bulls,CHI,*,41,41,0.5,20.0,97.5,99.1,-1.64
2010,East,Central Division,Indiana Pacers,IND,,32,50,0.39,29.0,100.8,103.8,-3.11
2010,East,Central Division,Detroit Pistons,DET,,27,55,0.329,34.0,94.0,99.1,-5.02
2010,East,Southeast Division,Orlando Magic,ORL,*,59,23,0.72,0.0,102.8,95.3,7.12
2010,East,Southeast Division,Atlanta Hawks,ATL,*,53,29,0.646,6.0,101.7,97.0,4.44
2010,East,Southeast Division,Miami Heat,MIA,*,47,35,0.573,12.0,96.5,94.2,1.99
2010,East,Southeast Division,Charlotte Bobcats,CHA,*,44,38,0.537,15.0,95.3,93.8,1.3
2010,East,Southeast Division,Washington Wizards,WAS,,26,56,0.317,33.0,96.2,101.0,-4.72
2010,West,Northwest Division,Denver Nuggets,DEN,*,53,29,0.646,0.0,106.5,102.4,4.15
2010,West,Northwest Division,Utah Jazz,UTA,*,53,29,0.646,0.0,104.2,98.9,5.33
2010,West,Northwest Division,Portland Trail Blazers,POR,*,50,32,0.61,3.0,98.1,94.8,3.18
2010,West,Northwest Division,Oklahoma City Thunder,OKC,*,50,32,0.61,3.0,101.5,98.0,3.55
2010,West,Northwest Division,Minnesota Timberwolves,MIN,,15,67,0.183,38.0,98.2,107.8,-9.06
2010,West,Pacific Division,Los Angeles Lakers,LAL,*,57,25,0.695,0.0,101.7,97.0,4.78
2010,West,Pacific Division,Phoenix Suns,PHO,*,54,28,0.659,3.0,110.2,105.3,4.67
2010,West,Pacific Division,Los Angeles Clippers,LAC,,29,53,0.354,28.0,95.7,102.1,-6.01
2010,West,Pacific Division,Golden State Warriors,GSW,,26,56,0.317,31.0,108.8,112.4,-3.28
2010,West,Pacific Division,Sacramento Kings,SAC,,25,57,0.305,32.0,100.0,104.4,-4.06
2010,West,Southwest Division,Dallas Mavericks,DAL,*,55,27,0.671,0.0,102.0,99.3,2.66
2010,West,Southwest Division,San Antonio Spurs,SAS,*,50,32,0.61,5.0,101.4,96.3,5.07
2010,West,Southwest Division,Houston Rockets,HOU,,42,40,0.512,13.0,102.4,102.7,-0.02
2010,West,Southwest Division,Memphis Grizzlies,MEM,,40,42,0.488,15.0,102.5,104.0,-1.39
2010,West,Southwest Division,New Orleans Hornets,NOH,,37,45,0.451,18.0,100.2,102.7,-2.27
2011,East,Atlantic Division,Boston Celtics,BOS,*,56,26,0.683,0.0,96.5,91.1,4.83
2011,East,Atlantic Division,New York Knicks,NYK,*,42,40,0.512,14.0,106.5,105.7,0.48
2011,East,Atlantic Division,Philadelphia 76ers,PHI,*,41,41,0.5,15.0,99.0,97.5,1.01
2011,East,Atlantic Division,New Jersey Nets,NJN,,24,58,0.293,32.0,94.2,100.4,-6.28
2011,East,Atlantic Division,Toronto Raptors,TOR,,22,60,0.268,34.0,99.1,105.4,-6.28
2011,East,Central Division,Chicago Bulls,CHI,*,62,20,0.756,0.0,98.6,91.3,6.53
2011,East,Central Division,Indiana Pacers,IND,*,37,45,0.451,25.0,99.8,100.9,-1.38
2011,East,Central Division,Milwaukee Bucks,MIL,,35,47,0.427,27.0,91.9,92.7,-1.02
2011,East,Central Division,Detroit Pistons,DET,,30,52,0.366,32.0,97.0,100.6,-3.78
2011,East,Central Division,Cleveland Cavaliers,CLE,,19,63,0.232,43.0,95.5,104.5,-8.88
2011,East,Southeast Division,Miami Heat,MIA,*,58,24,0.707,0.0,102.1,94.6,6.76
2011,East,Southeast Division,Orlando Magic,ORL,*,52,30,0.634,6.0,99.2,93.7,4.92
2011,East,Southeast Division,Atlanta Hawks,ATL,*,44,38,0.537,14.0,95.0,95.8,-1.1
2011,East,Southeast Division,Charlotte Bobcats,CHA,,34,48,0.415,24.0,93.3,97.3,-4.08
2011,East,Southeast Division,Washington Wizards,WAS,,23,59,0.28,35.0,97.3,104.7,-7.3
2011,West,Northwest Division,Oklahoma City Thunder,OKC,*,55,27,0.671,0.0,104.8,101.0,3.81
2011,West,Northwest Division,Denver Nuggets,DEN,*,50,32,0.61,5.0,107.5,102.7,4.81
2011,West,Northwest Division,Portland Trail Blazers,POR,*,48,34,0.585,7.0,96.3,94.8,1.85
2011,West,Northwest Division,Utah Jazz,UTA,,39,43,0.476,16.0,99.4,101.3,-1.44
2011,West,Northwest Division,Minnesota Timberwolves,MIN,,17,65,0.207,38.0,101.1,107.7,-5.97
2011,West,Pacific Division,Los Angeles Lakers,LAL,*,57,25,0.695,0.0,101.5,95.4,6.01
2011,West,Pacific Division,Phoenix Suns,PHO,,40,42,0.488,17.0,105.0,105.9,-0.46
2011,West,Pacific Division,Golden State Warriors,GSW,,36,46,0.439,21.0,103.4,105.7,-2.0
2011,West,Pacific Division,Los Angeles Clippers,LAC,,32,50,0.39,25.0,98.6,101.8,-2.71
2011,West,Pacific Division,Sacramento Kings,SAC,,24,58,0.293,33.0,99.4,104.7,-4.8
2011,West,Southwest Division,San Antonio Spurs,SAS,*,61,21,0.744,0.0,103.7,98.0,5.86
2011,West,Southwest Division,Dallas Mavericks,DAL,*,57,25,0.695,4.0,100.2,96.0,4.41
2011,West,Southwest Division,New Orleans Hornets,NOH,*,46,36,0.561,15.0,94.9,94.0,1.28
2011,West,Southwest Division,Memphis Grizzlies,MEM,*,46,36,0.561,15.0,99.9,97.6,2.55
2011,West,Southwest Division,Houston Rockets,HOU,,43,39,0.524,18.0,105.9,103.7,2.37
2012,East,Atlantic Division,Boston Celtics,BOS,*,39,27,0.591,0.0,91.8,89.3,2.26
2012,East,Atlantic Division,New York Knicks,NYK,*,36,30,0.545,3.0,97.8,94.7,2.39
2012,East,Atlantic Division,Philadelphia 76ers,PHI,*,35,31,0.53,4.0,93.6,89.4,3.59
2012,East,Atlantic Division,Toronto Raptors,TOR,,23,43,0.348,16.0,90.7,94.0,-3.67
2012,East,Atlantic Division,New Jersey Nets,NJN,,22,44,0.333,17.0,93.1,99.1,-6.37
2012,East,Central Division,Chicago Bulls,CHI,*,50,16,0.758,0.0,96.3,88.2,7.43
2012,East,Central Division,Indiana Pacers,IND,*,42,24,0.636,8.0,97.7,94.4,2.6
2012,East,Central Division,Milwaukee Bucks,MIL,,31,35,0.47,19.0,99.0,98.7,-0.23
2012,East,Central Division,Detroit Pistons,DET,,25,41,0.379,25.0,90.9,95.7,-5.19
2012,East,Central Division,Cleveland Cavaliers,CLE,,21,45,0.318,29.0,93.0,100.2,-7.34
2012,East,Southeast Division,Miami Heat,MIA,*,46,20,0.697,0.0,98.5,92.5,5.72
2012,East,Southeast Division,Atlanta Hawks,ATL,*,40,26,0.606,6.0,96.6,93.2,2.67
2012,East,Southeast Division,Orlando Magic,ORL,*,37,29,0.561,9.0,94.2,93.4,0.46
2012,East,Southeast Division,Washington Wizards,WAS,,20,46,0.303,26.0,93.6,98.4,-5.14
2012,East,Southeast Division,Charlotte Bobcats,CHA,,7,59,0.106,39.0,87.0,100.9,-13.96
2012,West,Northwest Division,Oklahoma City Thunder,OKC,*,47,19,0.712,0.0,103.1,96.9,6.44
2012,West,Northwest Division,Denver Nuggets,DEN,*,38,28,0.576,9.0,104.1,101.2,3.16
2012,West,Northwest Division,Utah Jazz,UTA,*,36,30,0.545,11.0,99.7,99.0,0.92
2012,West,Northwest Division,Portland Trail Blazers,POR,,28,38,0.424,19.0,97.2,97.8,-0.22
2012,West,Northwest Division,Minnesota Timberwolves,MIN,,26,40,0.394,21.0,97.9,100.1,-1.83
2012,West,Pacific Division,Los Angeles Lakers,LAL,*,41,25,0.621,0.0,97.3,95.9,1.96
2012,West,Pacific Division,Los Angeles Clippers,LAC,*,40,26,0.606,1.0,97.5,95.0,2.82
2012,West,Pacific Division,Phoenix Suns,PHO,,33,33,0.5,8.0,98.4,98.6,0.29
2012,West,Pacific Division,Golden State Warriors,GSW,,23,43,0.348,18.0,97.8,101.2,-2.79
2012,West,Pacific Division,Sacramento Kings,SAC,,22,44,0.333,19.0,98.8,104.4,-4.95
2012,West,Southwest Division,San Antonio Spurs,SAS,*,50,16,0.758,0.0,103.7,96.5,7.28
2012,West,Southwest Division,Memphis Grizzlies,MEM,*,41,25,0.621,9.0,95.0,93.0,2.43
2012,West,Southwest Division,Dallas Mavericks,DAL,*,36,30,0.545,14.0,95.8,94.8,1.78
2012,West,Southwest Division,Houston Rockets,HOU,,34,32,0.515,16.0,98.1,97.9,0.57
2012,West,Southwest Division,New Orleans Hornets,NOH,,21,45,0.318,29.0,89.6,93.4,-3.11
2013,East,Atlantic Division,New York Knicks,NYK,*,54,28,0.659,0.0,100.0,95.7,3.73
2013,East,Atlantic Division,Brooklyn Nets,BRK,*,49,33,0.598,5.0,96.9,95.1,1.25
2013,East,Atlantic Division,Boston Celtics,BOS,*,41,40,0.506,12.5,96.5,96.7,-0.62
2013,East,Atlantic Division,Philadelphia 76ers,PHI,,34,48,0.415,20.0,93.2,96.5,-3.51
2013,East,Atlantic Division,Toronto Raptors,TOR,,34,48,0.415,20.0,97.2,98.7,-1.96
2013,East,Central Division,Indiana Pacers,IND,*,49,32,0.605,0.0,94.7,90.7,3.34
2013,East,Central Division,Chicago Bulls,CHI,*,45,37,0.549,4.5,93.2,92.9,-0.02
2013,East,Central Division,Milwaukee Bucks,MIL,*,38,44,0.463,11.5,98.9,100.4,-1.83
2013,East,Central Division,Detroit Pistons,DET,,29,53,0.354,20.5,94.9,98.8,-4.33
2013,East,Central Division,Cleveland Cavaliers,CLE,,24,58,0.293,25.5,96.5,101.2,-4.87
2013,East,Southeast Division,Miami Heat,MIA,*,66,16,0.805,0.0,102.9,95.0,7.03
2013,East,Southeast Division,Atlanta Hawks,ATL,*,44,38,0.537,22.0,98.0,97.5,-0.08
2013,East,Southeast Division,Washington Wizards,WAS,,29,53,0.354,37.0,93.2,95.8,-2.78
2013,East,Southeast Division,Charlotte Bobcats,CHA,,21,61,0.256,45.0,93.4,102.7,-9.29
2013,East,Southeast Division,Orlando Magic,ORL,,20,62,0.244,46.0,94.1,101.1,-7.12
2013,West,Northwest Division,Oklahoma City Thunder,OKC,*,60,22,0.732,0.0,105.7,96.5,9.15
2013,West,Northwest Division,Denver Nuggets,DEN,*,57,25,0.695,3.0,106.1,101.1,5.37
2013,West,Northwest Division,Utah Jazz,UTA,,43,39,0.524,17.0,98.0,98.1,0.3
2013,West,Northwest Division,Portland Trail Blazers,POR,,33,49,0.402,27.0,97.5,100.7,-2.53
2013,West,Northwest Division,Minnesota Timberwolves,MIN,,31,51,0.378,29.0,95.7,98.1,-1.83
2013,West,Pacific Division,Los Angeles Clippers,LAC,*,56,26,0.683,0.0,101.1,94.6,6.43
2013,West,Pacific Division,Golden State Warriors,GSW,*,47,35,0.573,9.0,101.2,100.3,1.32
2013,West,Pacific Division,Los Angeles Lakers,LAL,*,45,37,0.549,11.0,102.2,101.0,1.48
2013,West,Pacific Division,Sacramento Kings,SAC,,28,54,0.341,28.0,100.2,105.1,-4.26
2013,West,Pacific Division,Phoenix Suns,PHO,,25,57,0.305,31.0,95.2,101.6,-5.75
2013,West,Southwest Division,San Antonio Spurs,SAS,*,58,24,0.707,0.0,103.0,96.6,6.67
2013,West,Southwest Division,Memphis Grizzlies,MEM,*,56,26,0.683,2.0,93.4,89.3,4.32
2013,West,Southwest Division,Houston Rockets,HOU,*,45,37,0.549,13.0,106.0,102.5,3.69
2013,West,Southwest Division,Dallas Mavericks,DAL,,41,41,0.5,17.0,101.1,101.7,-0.24
2013,West,Southwest Division,New Orleans Hornets,NOH,,27,55,0.329,31.0,94.1,97.9,-3.12
2014,East,Atlantic Division,Toronto Raptors,TOR,*,48,34,0.585,0.0,101.3,98.0,2.55
2014,East,Atlantic Division,Brooklyn Nets,BRK,*,44,38,0.537,4.0,98.5,99.5,-1.58
2014,East,Atlantic Division,New York Knicks,NYK,,37,45,0.451,11.0,98.6,99.4,-1.4
2014,East,Atlantic Division,Boston Celtics,BOS,,25,57,0.305,23.0,96.2,100.7,-4.97
2014,East,Atlantic Division,Philadelphia 76ers,PHI,,19,63,0.232,29.0,99.5,109.9,-10.66
2014,East,Central Division,Indiana Pacers,IND,*,56,26,0.683,0.0,96.7,92.3,3.63
2014,East,Central Division,Chicago Bulls,CHI,*,48,34,0.585,8.0,93.7,91.8,1.2
2014,East,Central Division,Cleveland Cavaliers,CLE,,33,49,0.402,23.0,98.2,101.5,-3.86
2014,East,Central Division,Detroit Pistons,DET,,29,53,0.354,27.0,101.0,104.7,-4.13
2014,East,Central Division,Milwaukee Bucks,MIL,,15,67,0.183,41.0,95.5,103.7,-8.41
2014,East,Southeast Division,Miami Heat,MIA,*,54,28,0.659,0.0,102.2,97.4,4.15
2014,East,Southeast Division,Washington Wizards,WAS,*,44,38,0.537,10.0,100.7,99.4,0.48
2014,East,Southeast Division,Charlotte Bobcats,CHA,*,43,39,0.524,11.0,96.9,97.1,-0.89
2014,East,Southeast Division,Atlanta Hawks,ATL,*,38,44,0.463,16.0,101.0,101.5,-0.88
2014,East,Southeast Division,Orlando Magic,ORL,,23,59,0.28,31.0,96.5,102.0,-5.88
2014,West,Northwest Division,Oklahoma City Thunder,OKC,*,59,23,0.72,0.0,106.2,99.8,6.66
2014,West,Northwest Division,Portland Trail Blazers,POR,*,54,28,0.659,5.0,106.7,102.8,4.44
2014,West,Northwest Division,Minnesota Timberwolves,MIN,,40,42,0.488,19.0,106.9,104.3,3.1
2014,West,Northwest Division,Denver Nuggets,DEN,,36,46,0.439,23.0,104.4,106.5,-1.4
2014,West,Northwest Division,Utah Jazz,UTA,,25,57,0.305,34.0,95.0,102.2,-6.27
2014,West,Pacific Division,Los Angeles Clippers,LAC,*,57,25,0.695,0.0,107.9,101.0,7.27
2014,West,Pacific Division,Golden State Warriors,GSW,*,51,31,0.622,6.0,104.3,99.5,5.15
2014,West,Pacific Division,Phoenix Suns,PHO,,48,34,0.585,9.0,105.2,102.6,3.02
2014,West,Pacific Division,Sacramento Kings,SAC,,28,54,0.341,29.0,100.5,103.4,-2.08
2014,West,Pacific Division,Los Angeles Lakers,LAL,,27,55,0.329,30.0,103.0,109.2,-5.33
2014,West,Southwest Division,San Antonio Spurs,SAS,*,62,20,0.756,0.0,105.4,97.6,8.0
2014,West,Southwest Division,Houston Rockets,HOU,*,54,28,0.659,8.0,107.7,103.1,5.06
2014,West,Southwest Division,Memphis Grizzlies,MEM,*,50,32,0.61,12.0,96.1,94.6,2.18
2014,West,Southwest Division,Dallas Mavericks,DAL,*,49,33,0.598,13.0,104.8,102.4,2.91
2014,West,Southwest Division,New Orleans Pelicans,NOP,,34,48,0.415,28.0,99.7,102.4,-1.98
2015,East,Atlantic Division,Toronto Raptors,TOR,*,49,33,0.598,0.0,104.0,100.9,2.45
2015,East,Atlantic Division,Boston Celtics,BOS,*,40,42,0.488,9.0,101.4,101.2,-0.4
2015,East,Atlantic Division,Brooklyn Nets,BRK,*,38,44,0.463,11.0,98.0,100.9,-3.13
2015,East,Atlantic Division,Philadelphia 76ers,PHI,,18,64,0.22,31.0,92.0,101.0,-9.04
2015,East,Atlantic Division,New York Knicks,NYK,,17,65,0.207,32.0,91.9,101.2,-9.5
2015,East,Central Division,Cleveland Cavaliers,CLE,*,53,29,0.646,0.0,103.1,98.7,4.08
2015,East,Central Division,Chicago Bulls,CHI,*,50,32,0.61,3.0,100.8,97.8,2.54
2015,East,Central Division,Milwaukee Bucks,MIL,*,41,41,0.5,12.0,97.8,97.4,-0.09
2015,East,Central Division,Indiana Pacers,IND,,38,44,0.463,15.0,97.3,97.0,-0.23
2015,East,Central Division,Detroit Pistons,DET,,32,50,0.39,21.0,98.5,99.5,-1.39
2015,East,Southeast Division,Atlanta Hawks,ATL,*,60,22,0.732,0.0,102.5,97.1,4.75
2015,East,Southeast Division,Washington Wizards,WAS,*,46,36,0.561,14.0,98.5,97.8,0.17
2015,East,Southeast Division,Miami Heat,MIA,,37,45,0.451,23.0,94.7,97.3,-2.92
2015,East,Southeast Division,Charlotte Hornets,CHO,,33,49,0.402,27.0,94.2,97.3,-3.44
2015,East,Southeast Division,Orlando Magic,ORL,,25,57,0.305,35.0,95.7,101.4,-5.87
2015,West,Northwest Division,Portland Trail Blazers,POR,*,51,31,0.622,0.0,102.8,98.6,4.41
2015,West,Northwest Division,Oklahoma City Thunder,OKC,,45,37,0.549,6.0,104.0,101.8,2.47
2015,West,Northwest Division,Utah Jazz,UTA,,38,44,0.463,13.0,95.1,94.9,0.71
2015,West,Northwest Division,Denver Nuggets,DEN,,30,52,0.366,21.0,101.5,105.0,-3.07
2015,West,Northwest Division,Minnesota Timberwolves,MIN,,16,66,0.195,35.0,97.8,106.5,-8.0
2015,West,Pacific Division,Golden State Warriors,GSW,*,67,15,0.817,0.0,110.0,99.9,10.01
2015,West,Pacific Division,Los Angeles Clippers,LAC,*,56,26,0.683,11.0,106.7,100.1,6.8
2015,West,Pacific Division,Phoenix Suns,PHO,,39,43,0.476,28.0,102.4,103.3,-0.38
2015,West,Pacific Division,Sacramento Kings,SAC,,29,53,0.354,38.0,101.3,105.0,-3.07
2015,West,Pacific Division,Los Angeles Lakers,LAL,,21,61,0.256,46.0,98.5,105.3,-6.17
2015,West,Southwest Division,Houston Rockets,HOU,*,56,26,0.683,0.0,103.9,100.5,3.82
2015,West,Southwest Division,Memphis Grizzlies,MEM,*,55,27,0.671,1.0,98.3,95.1,3.62
2015,West,Southwest Division,San Antonio Spurs,SAS,*,55,27,0.671,1.0,103.2,97.0,6.34
2015,West,Southwest Division,Dallas Mavericks,DAL,*,50,32,0.61,6.0,105.2,102.3,3.36
2015,West,Southwest Division,New Orleans Pelicans,NOP,*,45,37,0.549,11.0,99.4,98.6,1.13
2016,East,,Cleveland Cavaliers,CLE,*,57,25,0.695,0.0,104.3,98.3,5.45
2016,East,,Toronto Raptors,TOR,*,56,26,0.683,1.0,102.7,98.2,4.08
2016,East,,Miami Heat,MIA,*,48,34,0.585,9.0,100.0,98.4,1.5
2016,East,,Atlanta Hawks,ATL,*,48,34,0.585,9.0,102.8,99.2,3.49
2016,East,,Boston Celtics,BOS,*,48,34,0.585,9.0,105.7,102.5,2.84
2016,East,,Charlotte Hornets,CHO,*,48,34,0.585,9.0,103.4,100.7,2.36
2016,East,,Indiana Pacers,IND,*,45,37,0.549,12.0,102.2,100.5,1.62
2016,East,,Detroit Pistons,DET,*,44,38,0.537,13.0,102.0,101.4,0.43
2016,East,,Chicago Bulls,CHI,,42,40,0.512,15.0,101.6,103.1,-1.46
2016,East,,Washington Wizards,WAS,,41,41,0.5,16.0,104.1,104.6,-0.5
2016,East,,Orlando Magic,ORL,,35,47,0.427,22.0,102.1,103.7,-1.68
2016,East,,Milwaukee Bucks,MIL,,33,49,0.402,24.0,99.0,103.2,-3.98
2016,East,,New York Knicks,NYK,,32,50,0.39,25.0,98.4,101.1,-2.74
2016,East,,Brooklyn Nets,BRK,,21,61,0.256,36.0,98.6,106.0,-7.12
2016,East,,Philadelphia 76ers,PHI,,10,72,0.122,47.0,97.4,107.6,-9.92
2016,West,,Golden State Warriors,GSW,*,73,9,0.89,0.0,114.9,104.1,10.38
2016,West,,San Antonio Spurs,SAS,*,67,15,0.817,6.0,103.5,92.9,10.28
2016,West,,Oklahoma City Thunder,OKC,*,55,27,0.671,18.0,110.2,102.9,7.09
2016,West,,Los Angeles Clippers,LAC,*,53,29,0.646,20.0,104.5,100.2,4.13
2016,West,,Portland Trail Blazers,POR,*,44,38,0.537,29.0,105.1,104.3,0.98
2016,West,,Dallas Mavericks,DAL,*,42,40,0.512,31.0,102.3,102.6,-0.02
2016,West,,Memphis Grizzlies,MEM,*,42,40,0.512,31.0,99.1,101.3,-2.14
2016,West,,Houston Rockets,HOU,*,41,41,0.5,32.0,106.5,106.4,0.34
2016,West,,Utah Jazz,UTA,,40,42,0.488,33.0,97.7,95.9,1.84
2016,West,,Sacramento Kings,SAC,,33,49,0.402,40.0,106.6,109.1,-2.32
2016,West,,Denver Nuggets,DEN,,33,49,0.402,40.0,101.9,105.0,-2.81
2016,West,,New Orleans Pelicans,NOP,,30,52,0.366,43.0,102.7,106.5,-3.56
2016,West,,Minnesota Timberwolves,MIN,,29,53,0.354,44.0,102.4,106.0,-3.38
2016,West,,Phoenix Suns,PHO,,23,59,0.28,50.0,100.9,107.5,-6.32
2016,West,,Los Angeles Lakers,LAL,,17,65,0.207,56.0,97.3,106.9,-8.92
2017,East,,Boston Celtics,BOS,*,53,29,0.646,0.0,108.0,105.4,2.25
2017,East,,Cleveland Cavaliers,CLE,*,51,31,0.622,2.0,110.3,107.2,2.87
2017,East,,Toronto Raptors,TOR,*,51,31,0.622,2.0,106.9,102.6,3.65
2017,East,,Washington Wizards,WAS,*,49,33,0.598,4.0,109.2,107.4,1.36
2017,East,,Atlanta Hawks,ATL,*,43,39,0.524,10.0,103.2,104.0,-1.23
2017,East,,Milwaukee Bucks,MIL,*,42,40,0.512,11.0,103.6,103.8,-0.45
2017,East,,Indiana Pacers,IND,*,42,40,0.512,11.0,105.1,105.3,-0.64
2017,East,,Chicago Bulls,CHI,*,41,41,0.5,12.0,102.9,102.4,0.03
2017,East,,Miami Heat,MIA,,41,41,0.5,12.0,103.2,102.1,0.77
2017,East,,Detroit Pistons,DET,,37,45,0.451,16.0,101.3,102.5,-1.29
2017,East,,Charlotte Hornets,CHO,,36,46,0.439,17.0,104.9,104.7,-0.07
2017,East,,New York Knicks,NYK,,31,51,0.378,22.0,104.3,108.0,-3.87
2017,East,,Orlando Magic,ORL,,29,53,0.354,24.0,101.1,107.6,-6.61
2017,East,,Philadelphia 76ers,PHI,,28,54,0.341,25.0,102.4,108.1,-5.83
2017,East,,Brooklyn Nets,BRK,,20,62,0.244,33.0,105.8,112.5,-6.74
2017,West,,Golden State Warriors,GSW,*,67,15,0.817,0.0,115.9,104.3,11.35
2017,West,,San Antonio Spurs,SAS,*,61,21,0.744,6.0,105.3,98.1,7.13
2017,West,,Houston Rockets,HOU,*,55,27,0.671,12.0,115.3,109.6,5.84
2017,West,,Los Angeles Clippers,LAC,*,51,31,0.622,16.0,108.7,104.4,4.42
2017,West,,Utah Jazz,UTA,*,51,31,0.622,16.0,100.7,96.8,4.0
2017,West,,Oklahoma City Thunder,OKC,*,47,35,0.573,20.0,106.6,105.8,1.14
2017,West,,Memphis Grizzlies,MEM,*,43,39,0.524,24.0,100.5,100.0,0.96
2017,West,,Portland Trail Blazers,POR,*,41,41,0.5,26.0,107.9,108.5,-0.23
2017,West,,Denver Nuggets,DEN,,40,42,0.488,27.0,111.7,111.2,0.7
2017,West,,New Orleans Pelicans,NOP,,34,48,0.415,33.0,104.3,106.4,-1.69
2017,West,,Dallas Mavericks,DAL,,33,49,0.402,34.0,97.9,100.8,-2.53
2017,West,,Sacramento Kings,SAC,,32,50,0.39,35.0,102.8,106.7,-3.29
2017,West,,Minnesota Timberwolves,MIN,,31,51,0.378,36.0,105.6,106.7,-0.64
2017,West,,Los Angeles Lakers,LAL,,26,56,0.317,41.0,104.6,111.5,-6.29
2017,West,,Phoenix Suns,PHO,,24,58,0.293,43.0,107.7,113.3,-5.14
2018,East,,Toronto Raptors,TOR,*,59,23,0.72,0.0,111.7,103.9,7.29
2018,East,,Boston Celtics,BOS,*,55,27,0.671,4.0,104.0,100.4,3.23
2018,East,,Philadelphia 76ers,PHI,*,52,30,0.634,7.0,109.8,105.3,4.3
2018,East,,Cleveland Cavaliers,CLE,*,50,32,0.61,9.0,110.9,109.9,0.59
2018,East,,Indiana Pacers,IND,*,48,34,0.585,11.0,105.6,104.2,1.18
2018,East,,Miami Heat,MIA,*,44,38,0.537,15.0,103.4,102.9,0.15
2018,East,,Milwaukee Bucks,MIL,*,44,38,0.537,15.0,106.5,106.8,-0.45
2018,East,,Washington Wizards,WAS,*,43,39,0.524,16.0,106.6,106.0,0.53
2018,East,,Detroit Pistons,DET,,39,43,0.476,20.0,103.8,103.9,-0.26
2018,East,,Charlotte Hornets,CHO,,36,46,0.439,23.0,108.2,108.0,0.07
2018,East,,New York Knicks,NYK,,29,53,0.354,30.0,104.5,108.0,-3.53
2018,East,,Brooklyn Nets,BRK,,28,54,0.341,31.0,106.6,110.3,-3.67
2018,East,,Chicago Bulls,CHI,,27,55,0.329,32.0,102.9,110.0,-6.84
2018,East,,Orlando Magic,ORL,,25,57,0.305,34.0,103.4,108.2,-4.92
2018,East,,Atlanta Hawks,ATL,,24,58,0.293,35.0,103.4,108.8,-5.3
2018,West,,Houston Rockets,HOU,*,65,17,0.793,0.0,112.4,103.9,8.21
2018,West,,Golden State Warriors,GSW,*,58,24,0.707,7.0,113.5,107.5,5.79
2018,West,,Portland Trail Blazers,POR,*,49,33,0.598,16.0,105.6,103.0,2.6
2018,West,,Oklahoma City Thunder,OKC,*,48,34,0.585,17.0,107.9,104.4,3.42
2018,West,,Utah Jazz,UTA,*,48,34,0.585,17.0,104.1,99.8,4.47
2018,West,,New Orleans Pelicans,NOP,*,48,34,0.585,17.0,111.7,110.4,1.48
2018,West,,San Antonio Spurs,SAS,*,47,35,0.573,18.0,102.7,99.8,2.89
2018,West,,Minnesota Timberwolves,MIN,*,47,35,0.573,18.0,109.5,107.3,2.35
2018,West,,Denver Nuggets,DEN,,46,36,0.561,19.0,110.0,108.5,1.57
2018,West,,Los Angeles Clippers,LAC,,42,40,0.512,23.0,109.0,109.0,0.15
2018,West,,Los Angeles Lakers,LAL,,35,47,0.427,30.0,108.1,109.6,-1.44
2018,West,,Sacramento Kings,SAC,,27,55,0.329,38.0,98.8,105.8,-6.6
2018,West,,Dallas Mavericks,DAL,,24,58,0.293,41.0,102.3,105.4,-2.7
2018,West,,Memphis Grizzlies,MEM,,22,60,0.268,43.0,99.3,105.5,-5.81
2018,West,,Phoenix Suns,PHO,,21,61,0.256,44.0,103.9,113.3,-8.8
2019,East,,Milwaukee Bucks,MIL,*,60,22,0.732,0.0,118.1,109.3,8.04
2019,East,,Toronto Raptors,TOR,*,58,24,0.707,2.0,114.4,108.4,5.49
2019,East,,Philadelphia 76ers,PHI,*,51,31,0.622,9.0,115.2,112.5,2.25
2019,East,,Boston Celtics,BOS,*,49,33,0.598,11.0,112.4,108.0,3.9
2019,East,,Indiana Pacers,IND,*,48,34,0.585,12.0,108.0,104.7,2.76
2019,East,,Orlando Magic,ORL,*,42,40,0.512,18.0,107.3,106.6,0.28
2019,East,,Brooklyn Nets,BRK,*,42,40,0.512,18.0,112.2,112.3,-0.4
2019,East,,Detroit Pistons,DET,*,41,41,0.5,19.0,107.0,107.3,-0.56
2019,East,,Charlotte Hornets,CHO,,39,43,0.476,21.0,110.7,111.8,-1.32
2019,East,,Miami Heat,MIA,,39,43,0.476,21.0,105.7,105.9,-0.45
2019,East,,Washington Wizards,WAS,,32,50,0.39,28.0,114.0,116.9,-3.3
2019,East,,Atlanta Hawks,ATL,,29,53,0.354,31.0,113.3,119.4,-6.06
2019,East,,Chicago Bulls,CHI,,22,60,0.268,38.0,104.9,113.4,-8.32
2019,East,,Cleveland Cavaliers,CLE,,19,63,0.232,41.0,104.5,114.1,-9.39
2019,East,,New York Knicks,NYK,,17,65,0.207,43.0,104.6,113.8,-8.93
2019,West,,Golden State Warriors,GSW,*,57,25,0.695,0.0,117.7,111.2,6.42
2019,West,,Denver Nuggets,DEN,*,54,28,0.659,3.0,110.7,106.7,4.19
2019,West,,Portland Trail Blazers,POR,*,53,29,0.646,4.0,114.7,110.5,4.43
2019,West,,Houston Rockets,HOU,*,53,29,0.646,4.0,113.9,109.1,4.96
2019,West,,Utah Jazz,UTA,*,50,32,0.61,7.0,111.7,106.5,5.28
2019,West,,Oklahoma City Thunder,OKC,*,49,33,0.598,8.0,114.5,111.1,3.56
2019,West,,San Antonio Spurs,SAS,*,48,34,0.585,9.0,111.7,110.0,1.8
2019,West,,Los Angeles Clippers,LAC,*,48,34,0.585,9.0,115.1,114.3,1.09
2019,West,,Sacramento Kings,SAC,,39,43,0.476,18.0,114.2,115.3,-0.81
2019,West,,Los Angeles Lakers,LAL,,37,45,0.451,20.0,111.8,113.5,-1.33
2019,West,,Minnesota Timberwolves,MIN,,36,46,0.439,21.0,112.5,114.0,-1.02
2019,West,,Memphis Grizzlies,MEM,,33,49,0.402,24.0,103.5,106.1,-2.08
2019,West,,New Orleans Pelicans,NOP,,33,49,0.402,24.0,115.4,116.8,-1.1
2019,West,,Dallas Mavericks,DAL,,33,49,0.402,24.0,108.9,110.1,-0.87
2019,West,,Phoenix Suns,PHO,,19,63,0.232,38.0,107.5,116.8,-8.61
2020,East,,Milwaukee Bucks,MIL,*,56,17,0.767,0.0,118.7,108.6,9.41
2020,East,,Toronto Raptors,TOR,*,53,19,0.736,2.5,112.8,106.5,5.97
2020,East,,Boston Celtics,BOS,*,48,24,0.667,7.5,113.7,107.3,5.83
2020,East,,Indiana Pacers,IND,*,45,28,0.616,11.0,109.4,107.5,1.63
2020,East,,Miami Heat,MIA,*,44,29,0.603,12.0,112.0,109.1,2.59
2020,East,,Philadelphia 76ers,PHI,*,43,30,0.589,13.0,110.7,108.4,2.25
2020,East,,Brooklyn Nets,BRK,*,35,37,0.486,20.5,111.8,112.3,-1.01
2020,East,,Orlando Magic,ORL,*,33,40,0.452,23.0,107.3,108.3,-0.93
2020,East,,Charlotte Hornets,CHO,,23,42,0.354,29.0,102.9,109.6,-7.03
2020,East,,Washington Wizards,WAS,,25,47,0.347,30.5,114.4,119.1,-5.24
2020,East,,Chicago Bulls,CHI,,22,43,0.338,30.0,106.8,109.9,-4.0
2020,East,,New York Knicks,NYK,,21,45,0.318,31.5,105.8,112.3,-6.72
2020,East,,Detroit Pistons,DET,,20,46,0.303,32.5,107.2,110.8,-4.38
2020,East,,Atlanta Hawks,ATL,,20,47,0.299,33.0,111.8,119.7,-7.71
2020,East,,Cleveland Cavaliers,CLE,,19,46,0.292,33.0,106.9,114.8,-7.77
2020,West,,Los Angeles Lakers,LAL,*,52,19,0.732,0.0,113.4,107.6,6.28
2020,West,,Los Angeles Clippers,LAC,*,49,23,0.681,3.5,116.3,109.9,6.66
2020,West,,Denver Nuggets,DEN,*,46,27,0.63,7.0,111.3,109.2,2.35
2020,West,,Houston Rockets,HOU,*,44,28,0.611,8.5,117.8,114.8,3.13
2020,West,,Oklahoma City Thunder,OKC,*,44,28,0.611,8.5,110.4,108.4,2.33
2020,West,,Utah Jazz,UTA,*,44,28,0.611,8.5,111.3,108.8,2.52
2020,West,,Dallas Mavericks,DAL,*,43,32,0.573,11.0,117.0,112.1,4.87
2020,West,,Portland Trail Blazers,POR,*,35,39,0.473,18.5,115.0,116.1,-0.61
2020,West,,Memphis Grizzlies,MEM,,34,39,0.466,19.0,112.6,113.7,-0.91
2020,West,,Phoenix Suns,PHO,,34,39,0.466,19.0,113.6,113.4,0.56
2020,West,,San Antonio Spurs,SAS,,32,39,0.451,20.0,114.1,115.2,-0.65
2020,West,,Sacramento Kings,SAC,,31,41,0.431,21.5,110.1,112.1,-1.59
2020,West,,New Orleans Pelicans,NOP,,30,42,0.417,22.5,115.8,117.1,-0.55
2020,West,,Minnesota Timberwolves,MIN,,19,45,0.297,29.5,113.3,117.5,-4.02
2020,West,,Golden State Warriors,GSW,,15,50,0.231,34.0,106.3,115.0,-8.12
2021,East,,Philadelphia 76ers,PHI,*,49,23,0.681,0.0,113.6,108.1,5.28
2021,East,,Brooklyn Nets,BRK,*,48,24,0.667,1.0,118.6,114.1,4.24
2021,East,,Milwaukee Bucks,MIL,*,46,26,0.639,3.0,120.1,114.2,5.57
2021,East,,New York Knicks,NYK,*,41,31,0.569,8.0,107.0,104.7,2.13
2021,East,,Atlanta Hawks,ATL,*,41,31,0.569,8.0,113.7,111.4,2.14
2021,East,,Miami Heat,MIA,*,40,32,0.556,9.0,108.1,108.0,-0.06
2021,East,,Boston Celtics,BOS,*,36,36,0.5,13.0,112.6,111.2,1.32
2021,East,,Washington Wizards,WAS,*,34,38,0.472,15.0,116.6,118.5,-1.85
2021,East,,Indiana Pacers,IND,,34,38,0.472,15.0,115.3,115.3,-0.13
2021,East,,Charlotte Hornets,CHO,,33,39,0.458,16.0,109.5,111.4,-1.94
2021,East,,Chicago Bulls,CHI,,31,41,0.431,18.0,110.7,111.6,-0.94
2021,East,,Toronto Raptors,TOR,,27,45,0.375,22.0,111.3,111.7,-0.54
2021,East,,Cleveland Cavaliers,CLE,,22,50,0.306,27.0,103.8,112.3,-8.19
2021,East,,Orlando Magic,ORL,,21,51,0.292,28.0,104.0,113.3,-9.02
2021,East,,Detroit Pistons,DET,,20,52,0.278,29.0,106.6,111.1,-4.38
2021,West,,Utah Jazz,UTA,*,52,20,0.722,0.0,116.4,107.2,8.97
2021,West,,Phoenix Suns,PHO,*,51,21,0.708,1.0,115.3,109.5,5.67
2021,West,,Denver Nuggets,DEN,*,47,25,0.653,5.0,115.1,110.1,4.82
2021,West,,Los Angeles Clippers,LAC,*,47,25,0.653,5.0,114.0,107.8,6.02
2021,West,,Dallas Mavericks,DAL,*,42,30,0.583,10.0,112.4,110.2,2.26
2021,West,,Portland Trail Blazers,POR,*,42,30,0.583,10.0,116.1,114.3,1.81
2021,West,,Los Angeles Lakers,LAL,*,42,30,0.583,10.0,109.5,106.8,2.77
2021,West,,Golden State Warriors,GSW,,39,33,0.542,13.0,113.7,112.7,1.1
2021,West,,Memphis Grizzlies,MEM,*,38,34,0.528,14.0,113.3,112.3,1.07
2021,West,,San Antonio Spurs,SAS,,33,39,0.458,19.0,111.1,112.8,-1.58
2021,West,,New Orleans Pelicans,NOP,,31,41,0.431,21.0,114.6,114.9,-0.2
2021,West,,Sacramento Kings,SAC,,31,41,0.431,21.0,113.7,117.4,-3.45
2021,West,,Minnesota Timberwolves,MIN,,23,49,0.319,29.0,112.1,117.7,-5.25
2021,West,,Oklahoma City Thunder,OKC,,22,50,0.306,30.0,105.0,115.6,-10.13
2021,West,,Houston Rockets,HOU,,17,55,0.236,35.0,108.8,116.7,-7.5
2022,East,,Miami Heat,MIA,*,53,29,0.646,0.0,110.0,105.6,4.23
2022,East,,Boston Celtics,BOS,*,51,31,0.622,2.0,111.8,104.5,7.02
2022,East,,Milwaukee Bucks,MIL,*,51,31,0.622,2.0,115.5,112.1,3.22
2022,East,,Philadelphia 76ers,PHI,*,51,31,0.622,2.0,109.9,107.3,2.57
2022,East,,Toronto Raptors,TOR,*,48,34,0.585,5.0,109.4,107.1,2.38
2022,East,,Chicago Bulls,CHI,*,46,36,0.561,7.0,111.6,112.0,-0.38
2022,East,,Brooklyn Nets,BRK,*,44,38,0.537,9.0,112.9,112.1,0.82
2022,East,,Cleveland Cavaliers,CLE,,44,38,0.537,9.0,107.8,105.7,2.04
2022,East,,Atlanta Hawks,ATL,*,43,39,0.524,10.0,113.9,112.4,1.55
2022,East,,Charlotte Hornets,CHO,,43,39,0.524,10.0,115.3,114.9,0.53
2022,East,,New York Knicks,NYK,,37,45,0.451,16.0,106.5,106.6,-0.01
2022,East,,Washington Wizards,WAS,,35,47,0.427,18.0,108.6,112.0,-3.23
2022,East,,Indiana Pacers,IND,,25,57,0.305,28.0,111.5,114.9,-3.26
2022,East,,Detroit Pistons,DET,,23,59,0.28,30.0,104.8,112.5,-7.36
2022,East,,Orlando Magic,ORL,,22,60,0.268,31.0,104.2,112.2,-7.67
2022,West,,Phoenix Suns,PHO,*,64,18,0.78,0.0,114.8,107.3,6.94
2022,West,,Memphis Grizzlies,MEM,*,56,26,0.683,8.0,115.6,109.9,5.37
2022,West,,Golden State Warriors,GSW,*,53,29,0.646,11.0,111.0,105.5,5.52
2022,West,,Dallas Mavericks,DAL,*,52,30,0.634,12.0,108.0,104.7,3.12
2022,West,,Utah Jazz,UTA,*,49,33,0.598,15.0,113.6,107.6,5.67
2022,West,,Denver Nuggets,DEN,*,48,34,0.585,16.0,112.7,110.4,2.16
2022,West,,Minnesota Timberwolves,MIN,*,46,36,0.561,18.0,115.9,113.3,2.53
2022,West,,Los Angeles Clippers,LAC,,42,40,0.512,22.0,108.4,108.4,0.09
2022,West,,New Orleans Pelicans,NOP,*,36,46,0.439,28.0,109.3,110.3,-0.84
2022,West,,San Antonio Spurs,SAS,,34,48,0.415,30.0,113.2,113.0,0.02
2022,West,,Los Angeles Lakers,LAL,,33,49,0.402,31.0,112.1,115.1,-3.08
2022,West,,Sacramento Kings,SAC,,30,52,0.366,34.0,110.3,115.8,-5.26
2022,West,,Portland Trail Blazers,POR,,27,55,0.329,37.0,106.2,115.1,-8.55
2022,West,,Oklahoma City Thunder,OKC,,24,58,0.293,40.0,103.7,111.8,-7.9
2022,West,,Houston Rockets,HOU,,20,62,0.244,44.0,109.7,118.2,-8.26
2023,East,,Milwaukee Bucks,MIL,*,58,24,0.707,0.0,116.9,113.3,3.61
2023,East,,Boston Celtics,BOS,*,57,25,0.695,1.0,117.9,111.4,6.38
2023,East,,Philadelphia 76ers,PHI,*,54,28,0.659,4.0,115.2,110.9,4.37
2023,East,,Cleveland Cavaliers,CLE,*,51,31,0.622,7.0,112.3,106.9,5.23
2023,East,,New York Knicks,NYK,*,47,35,0.573,11.0,116.0,113.1,2.99
2023,East,,Brooklyn Nets,BRK,*,45,37,0.549,13.0,113.4,112.5,1.03
2023,East,,Miami Heat,MIA,*,44,38,0.537,14.0,109.5,109.8,-0.13
2023,East,,Atlanta Hawks,ATL,*,41,41,0.5,17.0,118.4,118.1,0.32
2023,East,,Toronto Raptors,TOR,,41,41,0.5,17.0,112.9,111.4,1.59
2023,East,,Chicago Bulls,CHI,,40,42,0.488,18.0,113.1,111.8,1.37
2023,East,,Indiana Pacers,IND,,35,47,0.427,23.0,116.3,119.5,-2.91
2023,East,,Washington Wizards,WAS,,35,47,0.427,23.0,113.2,114.4,-1.06
2023,East,,Orlando Magic,ORL,,34,48,0.415,24.0,111.4,114.0,-2.39
2023,East,,Charlotte Hornets,CHO,,27,55,0.329,31.0,111.0,117.2,-5.89
2023,East,,Detroit Pistons,DET,,17,65,0.207,41.0,110.3,118.5,-7.73
2023,West,,Denver Nuggets,DEN,*,53,29,0.646,0.0,115.8,112.5,3.04
2023,West,,Memphis Grizzlies,MEM,*,51,31,0.622,2.0,116.9,113.0,3.6
2023,West,,Sacramento Kings,SAC,*,48,34,0.585,5.0,120.7,118.1,2.3
2023,West,,Phoenix Suns,PHO,*,45,37,0.549,8.0,113.6,111.6,2.08
2023,West,,Los Angeles Clippers,LAC,*,44,38,0.537,9.0,113.6,113.1,0.31
2023,West,,Golden State Warriors,GSW,*,44,38,0.537,9.0,118.9,117.1,1.66
2023,West,,Los Angeles Lakers,LAL,*,43,39,0.524,10.0,117.2,116.6,0.43
2023,West,,Minnesota Timberwolves,MIN,*,42,40,0.512,11.0,115.8,115.8,-0.22
2023,West,,New Orleans Pelicans,NOP,,42,40,0.512,11.0,114.4,112.5,1.63
2023,West,,Oklahoma City Thunder,OKC,,40,42,0.488,13.0,117.5,116.4,0.96
2023,West,,Dallas Mavericks,DAL,,38,44,0.463,15.0,114.2,114.1,-0.14
2023,West,,Utah Jazz,UTA,,37,45,0.451,16.0,117.1,118.0,-1.03
2023,West,,Portland Trail Blazers,POR,,33,49,0.402,20.0,113.4,117.4,-3.96
2023,West,,Houston Rockets,HOU,,22,60,0.268,31.0,110.7,118.6,-7.62
2023,West,,San Antonio Spurs,SAS,,22,60,0.268,31.0,113.0,123.1,-9.82
2024,East,,Boston Celtics,BOS,*,64,18,0.78,0.0,120.6,109.2,10.75
2024,East,,New York Knicks,NYK,*,50,32,0.61,14.0,112.8,108.2,4.36
2024,East,,Milwaukee Bucks,MIL,*,49,33,0.598,15.0,119.0,116.4,2.44
2024,East,,Cleveland Cavaliers,CLE,*,48,34,0.585,16.0,112.6,110.2,1.98
2024,East,,Orlando Magic,ORL,*,47,35,0.573,17.0,110.5,108.4,1.48
2024,East,,Indiana Pacers,IND,*,47,35,0.573,17.0,123.3,120.2,2.75
2024,East,,Philadelphia 76ers,PHI,*,47,35,0.573,17.0,114.6,111.5,2.51
2024,East,,Miami Heat,MIA,*,46,36,0.561,18.0,110.1,108.4,1.1
2024,East,,Chicago Bulls,CHI,,39,43,0.476,25.0,112.3,113.7,-1.77
2024,East,,Atlanta Hawks,ATL,,36,46,0.439,28.0,118.3,120.5,-2.38
2024,East,,Brooklyn Nets,BRK,,32,50,0.39,32.0,110.4,113.3,-3.02
2024,East,,Toronto Raptors,TOR,,25,57,0.305,39.0,112.4,118.8,-6.45
2024,East,,Charlotte Hornets,CHO,,21,61,0.256,43.0,106.6,116.8,-10.12
2024,East,,Washington Wizards,WAS,,15,67,0.183,49.0,113.7,123.0,-9.29
2024,East,,Detroit Pistons,DET,,14,68,0.171,50.0,109.9,119.0,-9.06
2024,West,,Oklahoma City Thunder,OKC,*,57,25,0.695,0.0,120.1,112.7,7.36
2024,West,,Denver Nuggets,DEN,*,57,25,0.695,0.0,114.9,109.6,5.23
2024,West,,Minnesota Timberwolves,MIN,*,56,26,0.683,1.0,113.0,106.5,6.39
2024,West,,Los Angeles Clippers,LAC,*,51,31,0.622,6.0,115.6,112.3,3.41
2024,West,,Dallas Mavericks,DAL,*,50,32,0.61,7.0,117.9,115.6,2.3
2024,West,,Phoenix Suns,PHO,*,49,33,0.598,8.0,116.2,113.2,3.08
2024,West,,New Orleans Pelicans,NOP,*,49,33,0.598,8.0,115.1,110.7,4.46
2024,West,,Los Angeles Lakers,LAL,*,47,35,0.573,10.0,118.0,117.4,1.07
2024,West,,Sacramento Kings,SAC,,46,36,0.561,11.0,116.6,114.8,2.29
2024,West,,Golden State Warriors,GSW,,46,36,0.561,11.0,117.8,115.2,2.77
2024,West,,Houston Rockets,HOU,,41,41,0.5,16.0,114.3,113.2,1.24
2024,West,,Utah Jazz,UTA,,31,51,0.378,26.0,115.7,120.5,-4.22
2024,West,,Memphis Grizzlies,MEM,,27,55,0.329,30.0,105.8,112.8,-6.57
2024,West,,San Antonio Spurs,SAS,,22,60,0.268,35.0,112.1,118.6,-5.8
2024,West,,Portland Trail Blazers,POR,,21,61,0.256,36.0,106.4,115.4,-8.29
